<application>
  <component name="MaterialThemeConfig">
    <option name="isHighContrast" value="true" />
    <option name="isWizardShown" value="true" />
    <option name="overrideAccentColor" value="true" />
    <option name="pristineConfig" value="false" />
    <option name="settingsSelectedTab" value="4" />
    <option name="accentColor" value="009688" />
    <option name="selectedTheme" value="CUSTOM" />
    <option name="userId" value="6d3aa072:16aba5bc7c5:-8000" />
    <option name="version" value="3.10.0" />
  </component>
</application>