<application>
  <component name="VimSettings">
    <state version="4" enabled="true" />
    <globalmarks />
    <filemarks>
      <file name="$USER_HOME$/androidlocal/registrator-android/app/src/main/java/be/astrotit/registrator/repository/QuestionRepository.java" timestamp="1559040641880">
        <mark key="[" line="38" column="58" />
        <mark key="]" line="38" column="58" />
        <mark key="." line="38" column="58" />
        <mark key="^" line="37" column="32" />
      </file>
      <file name="$USER_HOME$/androidlocal/registrator-android/app/src/main/res/transition/slide_in_right.xml" timestamp="1558043757523">
        <mark key="[" line="4" column="4" />
        <mark key="]" line="4" column="27" />
        <mark key="." line="4" column="27" />
        <mark key="^" line="4" column="27" />
      </file>
      <file name="$USER_HOME$/androidlocal/registrator-android/app/src/main/res/transition/change_bounds.xml" timestamp="1558044942327">
        <mark key="[" line="3" column="22" />
        <mark key="]" line="3" column="28" />
        <mark key="." line="3" column="28" />
        <mark key="^" line="3" column="28" />
      </file>
      <file name="$USER_HOME$/androidlocal/registrator-android/app/src/main/java/be/astrotit/registrator/vo/Identity.java" timestamp="1559068657956">
        <mark key="'" line="92" column="31" />
        <mark key="[" line="64" column="41" />
        <mark key="]" line="64" column="48" />
        <mark key="." line="64" column="48" />
        <mark key="^" line="64" column="48" />
      </file>
      <file name="$USER_HOME$/androidlocal/registrator-android/app/src/main/java/be/astrotit/registrator/di/RepositoryModule.java" timestamp="1558533086277">
        <mark key="[" line="58" column="0" />
        <mark key="]" line="58" column="0" />
        <mark key="." line="58" column="0" />
      </file>
      <file name="$USER_HOME$/androidlocal/registrator-android/app/src/main/java/be/astrotit/registrator/vo/Update.java" timestamp="1558654165623">
        <mark key="[" line="11" column="5" />
        <mark key="]" line="13" column="19" />
        <mark key="^" line="13" column="19" />
        <mark key="." line="13" column="19" />
      </file>
      <file name="$USER_HOME$/androidlocal/registrator-android/app/src/main/java/be/astrotit/registrator/repository/SyncRepository.java" timestamp="1558893918810">
        <mark key="'" line="101" column="24" />
        <mark key="[" line="96" column="76" />
        <mark key="]" line="96" column="79" />
        <mark key="." line="96" column="79" />
        <mark key="^" line="96" column="79" />
      </file>
      <file name="$USER_HOME$/androidlocal/registrator-android/app/build.gradle" timestamp="1558717220022">
        <mark key="[" line="14" column="23" />
        <mark key="]" line="14" column="24" />
        <mark key="." line="14" column="24" />
        <mark key="^" line="94" column="9" />
      </file>
      <file name="$USER_HOME$/androidlocal/registrator-android/app/src/main/java/be/astrotit/registrator/sync/SyncJobFactory.java" timestamp="1558716709937">
        <mark key="[" line="20" column="43" />
        <mark key="]" line="22" column="0" />
        <mark key="." line="22" column="0" />
      </file>
      <file name="$USER_HOME$/androidlocal/registrator-android/app/src/main/java/be/astrotit/registrator/repository/AnswerRepository.java" timestamp="1558587820356">
        <mark key="'" line="28" column="54" />
        <mark key="[" line="49" column="4" />
        <mark key="]" line="30" column="80" />
        <mark key="." line="30" column="80" />
        <mark key="^" line="30" column="80" />
      </file>
      <file name="$USER_HOME$/androidlocal/registrator-android/app/src/main/java/be/astrotit/registrator/repository/RegistrationRepository.java" timestamp="1558964282006">
        <mark key="[" line="28" column="50" />
      </file>
      <file name="$USER_HOME$/androidlocal/registrator-android/app/src/main/java/be/astrotit/registrator/di/AppComponent.java" timestamp="1558532992480">
        <mark key="[" line="21" column="0" />
        <mark key="]" line="21" column="0" />
        <mark key="." line="21" column="0" />
        <mark key="^" line="19" column="43" />
      </file>
      <file name="$USER_HOME$/androidlocal/registrator-android/app/src/main/java/be/astrotit/registrator/ui/auth/AuthActivity.java" timestamp="1561624060773">
        <mark key="[" line="168" column="34" />
        <mark key="]" line="168" column="35" />
        <mark key="." line="168" column="35" />
        <mark key="^" line="168" column="35" />
      </file>
      <file name="$USER_HOME$/androidlocal/registrator-android/app/src/main/java/be/astrotit/registrator/repository/MetaRegistrationRepository.java" timestamp="1558489733586">
        <mark key="[" line="18" column="0" />
        <mark key="]" line="18" column="0" />
        <mark key="." line="18" column="0" />
      </file>
      <file name="$USER_HOME$/androidlocal/registrator-android/app/src/main/java/be/astrotit/registrator/ui/AbstractListViewItem.java" timestamp="1559041593331">
        <mark key="[" line="76" column="0" />
        <mark key="]" line="77" column="19" />
        <mark key="^" line="77" column="19" />
        <mark key="." line="77" column="19" />
      </file>
      <file name="$USER_HOME$/androidlocal/registrator-android/app/src/main/java/be/astrotit/registrator/di/ApplicationModule.java" timestamp="1558885239644">
        <mark key="[" line="25" column="49" />
        <mark key="]" line="25" column="49" />
        <mark key="^" line="25" column="15" />
        <mark key="." line="25" column="49" />
      </file>
      <file name="$USER_HOME$/androidlocal/registrator-android/app/src/main/java/be/astrotit/registrator/ui/select/SelectFragment.java" timestamp="1558593942994">
        <mark key="[" line="53" column="0" />
        <mark key="]" line="96" column="43" />
        <mark key="." line="96" column="43" />
        <mark key="^" line="96" column="43" />
      </file>
      <file name="$USER_HOME$/androidlocal/registrator-android/app/src/main/java/be/astrotit/registrator/vo/QuestionAttribute.java" timestamp="1558655108086">
        <mark key="[" line="36" column="0" />
        <mark key="]" line="37" column="82" />
        <mark key="^" line="36" column="12" />
        <mark key="." line="36" column="12" />
      </file>
      <file name="$USER_HOME$/androidlocal/registrator-android/app/src/main/java/be/astrotit/registrator/sync/SyncJob.java" timestamp="1558790749509">
        <mark key="[" line="30" column="51" />
        <mark key="]" line="30" column="51" />
        <mark key="." line="30" column="51" />
      </file>
      <file name="$USER_HOME$/androidlocal/registrator-android/app/src/main/java/be/astrotit/registrator/ui/ListViewItem.java" timestamp="1559041571908">
        <mark key="[" line="39" column="4" />
        <mark key="]" line="39" column="15" />
        <mark key="." line="39" column="15" />
        <mark key="^" line="39" column="15" />
      </file>
      <file name="$USER_HOME$/androidlocal/registrator-android/app/src/main/res/anim/slide_in_left.xml" timestamp="1558043120919">
        <mark key="[" line="3" column="16" />
        <mark key="]" line="3" column="27" />
        <mark key="^" line="3" column="27" />
        <mark key="." line="3" column="27" />
      </file>
      <file name="$USER_HOME$/androidlocal/registrator-android/app/src/main/java/be/astrotit/registrator/repository/ApplicationRepository.java" timestamp="1558817183245">
        <mark key="[" line="22" column="39" />
        <mark key="]" line="23" column="0" />
        <mark key="." line="23" column="0" />
      </file>
      <file name="$USER_HOME$/androidlocal/registrator-android/app/src/main/java/be/astrotit/registrator/viewmodel/RaEditViewModel.java" timestamp="1559088549369">
        <mark key="[" line="76" column="47" />
        <mark key="]" line="76" column="47" />
        <mark key="^" line="54" column="24" />
        <mark key="." line="76" column="47" />
      </file>
      <file name="$USER_HOME$/androidlocal/registrator-android/app/src/main/java/be/astrotit/registrator/vo/Status.java" timestamp="1558447355477">
        <mark key="[" line="12" column="4" />
        <mark key="]" line="12" column="4" />
        <mark key="^" line="17" column="26" />
        <mark key="." line="12" column="4" />
      </file>
      <file name="$USER_HOME$/androidlocal/registrator-android/app/src/main/java/be/astrotit/registrator/vo/MetaRegistration.java" timestamp="1559041114210">
        <mark key="[" line="153" column="15" />
        <mark key="]" line="155" column="19" />
        <mark key="^" line="155" column="19" />
        <mark key="." line="155" column="19" />
      </file>
      <file name="$USER_HOME$/androidlocal/registrator-android/app/src/main/java/be/astrotit/registrator/network/Network.java" timestamp="1558896185307">
        <mark key="[" line="32" column="59" />
        <mark key="]" line="33" column="0" />
        <mark key="." line="33" column="0" />
      </file>
      <file name="$USER_HOME$/androidlocal/registrator-android/app/src/main/java/be/astrotit/registrator/viewmodel/ApplicationViewModel.java" timestamp="1561631809903">
        <mark key="[" line="43" column="0" />
        <mark key="]" line="43" column="0" />
        <mark key="." line="43" column="0" />
      </file>
      <file name="$USER_HOME$/androidlocal/registrator-android/app/src/main/java/be/astrotit/registrator/ui/Toaster.java" timestamp="1558883842356">
        <mark key="[" line="15" column="0" />
        <mark key="]" line="16" column="27" />
        <mark key="." line="16" column="27" />
        <mark key="^" line="16" column="27" />
      </file>
      <file name="$USER_HOME$/androidlocal/registrator-android/app/src/main/java/be/astrotit/registrator/ui/registration/RegistrationAdapter.java" timestamp="1557969109398">
        <mark key="[" line="111" column="53" />
        <mark key="]" line="111" column="52" />
        <mark key="." line="111" column="52" />
        <mark key="^" line="111" column="52" />
      </file>
      <file name="$USER_HOME$/androidlocal/registrator-android/app/src/main/java/be/astrotit/registrator/vo/AnswerAttribute.java" timestamp="1558655224900">
        <mark key="'" line="36" column="4" />
        <mark key="[" line="36" column="0" />
        <mark key="]" line="38" column="5" />
        <mark key="^" line="35" column="3" />
        <mark key="." line="36" column="0" />
      </file>
      <file name="$USER_HOME$/androidlocal/registrator-android/app/src/main/res/layout/activity_main.xml" timestamp="1557913507846">
        <mark key="[" line="38" column="5" />
        <mark key="]" line="38" column="5" />
        <mark key="." line="38" column="5" />
        <mark key="^" line="37" column="3" />
      </file>
      <file name="$USER_HOME$/androidlocal/registrator-android/app/src/main/res/layout/answer.xml" timestamp="1557918908628">
        <mark key="[" line="47" column="31" />
        <mark key="]" line="47" column="39" />
        <mark key="." line="47" column="39" />
        <mark key="^" line="47" column="39" />
      </file>
      <file name="$USER_HOME$/androidlocal/registrator-android/app/src/main/res/transition/slide_end_short.xml" timestamp="1558044020989">
        <mark key="[" line="4" column="23" />
        <mark key="]" line="4" column="25" />
        <mark key="." line="4" column="25" />
        <mark key="^" line="4" column="25" />
      </file>
      <file name="$USER_HOME$/androidlocal/registrator-android/app/src/main/java/be/astrotit/registrator/ui/question/QuestionFragment.java" timestamp="1559065026483">
        <mark key="[" line="116" column="56" />
        <mark key="]" line="131" column="36" />
        <mark key="." line="131" column="36" />
        <mark key="^" line="131" column="36" />
      </file>
      <file name="$USER_HOME$/androidlocal/registrator-android/app/src/main/res/layout/toast.xml" timestamp="1558487560744">
        <mark key="[" line="2" column="55" />
        <mark key="]" line="5" column="25" />
        <mark key="." line="5" column="25" />
        <mark key="^" line="5" column="25" />
      </file>
      <file name="$USER_HOME$/androidlocal/registrator-android/app/src/main/java/be/astrotit/registrator/vo/ApplicationAttribute.java" timestamp="1558655260048">
        <mark key="'" line="33" column="4" />
        <mark key="[" line="33" column="0" />
        <mark key="]" line="35" column="5" />
        <mark key="^" line="32" column="3" />
        <mark key="." line="33" column="0" />
      </file>
      <file name="$USER_HOME$/androidlocal/registrator-android/app/src/main/java/be/astrotit/registrator/db/SyncDao.java" timestamp="1558739795374">
        <mark key="'" line="459" column="16" />
        <mark key="[" line="273" column="46" />
        <mark key="]" line="273" column="47" />
        <mark key="^" line="326" column="29" />
        <mark key="." line="273" column="47" />
      </file>
      <file name="$USER_HOME$/androidlocal/registrator-android/app/src/main/java/be/astrotit/registrator/repository/AuthRepository.java" timestamp="1561628464429">
        <mark key="[" line="60" column="58" />
        <mark key="]" line="66" column="50" />
        <mark key="." line="66" column="50" />
        <mark key="^" line="66" column="50" />
      </file>
      <file name="$USER_HOME$/androidlocal/registrator-android/app/src/main/java/be/astrotit/registrator/viewmodel/AuthViewModel.java" timestamp="1558891065074">
        <mark key="[" line="28" column="40" />
        <mark key="]" line="28" column="43" />
        <mark key="." line="28" column="43" />
        <mark key="^" line="28" column="43" />
      </file>
      <file name="$USER_HOME$/androidlocal/registrator-android/app/src/main/java/be/astrotit/registrator/RegistratorApplication.java" timestamp="1558489083111">
        <mark key="[" line="12" column="63" />
        <mark key="]" line="12" column="19" />
        <mark key="^" line="12" column="19" />
        <mark key="." line="12" column="19" />
      </file>
      <file name="$USER_HOME$/androidlocal/registrator-android/app/src/main/java/be/astrotit/registrator/vo/Updates.java" timestamp="1558644429226">
        <mark key="[" line="37" column="0" />
        <mark key="]" line="37" column="0" />
        <mark key="." line="37" column="0" />
      </file>
      <file name="$USER_HOME$/androidlocal/registrator-android/app/src/main/java/be/astrotit/registrator/db/QuestionDao.java" timestamp="1559068577220">
        <mark key="[" line="55" column="19" />
        <mark key="]" line="55" column="19" />
        <mark key="." line="55" column="19" />
        <mark key="^" line="55" column="19" />
      </file>
      <file name="$USER_HOME$/androidlocal/registrator-android/app/src/main/java/be/astrotit/registrator/ui/registration/RegistrationActivity.java" timestamp="1559067115222">
        <mark key="[" line="220" column="12" />
        <mark key="]" line="221" column="0" />
        <mark key="." line="221" column="0" />
      </file>
      <file name="$USER_HOME$/androidlocal/registrator-android/app/src/main/res/drawable/ic_error_outline_black_24dp.xml" timestamp="1558486174810">
        <mark key="[" line="0" column="38" />
        <mark key="]" line="1" column="0" />
        <mark key="." line="1" column="0" />
        <mark key="^" line="1" column="0" />
      </file>
      <file name="$USER_HOME$/androidlocal/registrator-android/app/src/main/java/be/astrotit/registrator/ui/editanswer/EditAnswerActivity.java" timestamp="1558669451683">
        <mark key="[" line="79" column="13" />
        <mark key="]" line="80" column="55" />
        <mark key="." line="80" column="55" />
        <mark key="^" line="80" column="55" />
      </file>
      <file name="$USER_HOME$/androidlocal/registrator-android/app/src/main/java/be/astrotit/registrator/ui/Progress.java" timestamp="1559069229605">
        <mark key="[" line="31" column="25" />
        <mark key="]" line="32" column="0" />
        <mark key="." line="32" column="0" />
      </file>
      <file name="$USER_HOME$/androidlocal/registrator-android/app/src/main/java/be/astrotit/registrator/vo/Updatable.java" timestamp="1558605373349">
        <mark key="[" line="2" column="26" />
        <mark key="]" line="2" column="26" />
        <mark key="." line="2" column="26" />
      </file>
      <file name="$USER_HOME$/androidlocal/registrator-android/app/src/main/AndroidManifest.xml" timestamp="1561623978417">
        <mark key="[" line="35" column="44" />
        <mark key="]" line="35" column="33" />
        <mark key="." line="35" column="33" />
        <mark key="^" line="35" column="33" />
      </file>
      <file name="$USER_HOME$/androidlocal/registrator-android/app/src/main/java/be/astrotit/registrator/di/ApiModule.java" timestamp="1558883473905">
        <mark key="'" line="58" column="20" />
        <mark key="[" line="31" column="61" />
        <mark key="]" line="82" column="1" />
        <mark key="^" line="26" column="41" />
        <mark key="." line="82" column="1" />
      </file>
      <file name="$USER_HOME$/androidlocal/registrator-android/app/src/main/java/be/astrotit/registrator/viewmodel/RegistrationViewModel.java" timestamp="1559090379162">
        <mark key="'" line="212" column="39" />
        <mark key="[" line="145" column="86" />
        <mark key="]" line="212" column="39" />
        <mark key="." line="212" column="39" />
        <mark key="^" line="212" column="39" />
      </file>
      <file name="$USER_HOME$/androidlocal/registrator-android/app/src/main/res/transition/slide_start_short.xml" timestamp="1558043977525">
        <mark key="[" line="2" column="22" />
        <mark key="]" line="4" column="27" />
        <mark key="." line="4" column="27" />
        <mark key="^" line="4" column="27" />
      </file>
      <file name="$USER_HOME$/androidlocal/registrator-android/app/src/main/java/be/astrotit/registrator/db/AnswerDao.java" timestamp="1558489649463">
        <mark key="[" line="34" column="50" />
        <mark key="]" line="34" column="50" />
        <mark key="." line="22" column="0" />
      </file>
      <file name="$USER_HOME$/androidlocal/registrator-android/app/src/main/java/be/astrotit/registrator/api/AuthInterceptor.java" timestamp="1561624661454">
        <mark key="[" line="33" column="57" />
        <mark key="]" line="34" column="41" />
        <mark key="." line="34" column="41" />
        <mark key="^" line="34" column="41" />
      </file>
      <file name="$USER_HOME$/androidlocal/registrator-android/app/src/main/java/be/astrotit/registrator/db/MetaRegistrationDao.java" timestamp="1559039615385">
        <mark key="[" line="41" column="0" />
        <mark key="]" line="41" column="0" />
        <mark key="^" line="39" column="3" />
        <mark key="." line="41" column="0" />
      </file>
      <file name="$USER_HOME$/androidlocal/registrator-android/app/src/main/java/be/astrotit/registrator/api/RegistratorService.java" timestamp="1558447056327">
        <mark key="[" line="28" column="11" />
        <mark key="]" line="28" column="27" />
        <mark key="." line="28" column="27" />
        <mark key="^" line="28" column="27" />
      </file>
      <file name="$USER_HOME$/androidlocal/registrator-android/app/src/main/java/be/astrotit/registrator/repository/IdentityRepository.java" timestamp="1561631910911">
        <mark key="[" line="25" column="0" />
        <mark key="]" line="25" column="0" />
        <mark key="." line="25" column="0" />
      </file>
      <file name="$USER_HOME$/androidlocal/registrator-android/app/src/main/java/be/astrotit/registrator/vo/Question.java" timestamp="1559047553489">
        <mark key="[" line="61" column="27" />
        <mark key="]" line="61" column="31" />
        <mark key="^" line="61" column="31" />
        <mark key="." line="61" column="31" />
      </file>
      <file name="$USER_HOME$/androidlocal/registrator-android/app/src/main/java/be/astrotit/registrator/db/ApplicationDao.java" timestamp="1558817705654">
        <mark key="[" line="26" column="41" />
        <mark key="]" line="26" column="41" />
        <mark key="^" line="26" column="3" />
        <mark key="." line="26" column="41" />
      </file>
      <file name="$USER_HOME$/androidlocal/registrator-android/app/src/main/java/be/astrotit/registrator/vo/ErrorVo.java" timestamp="1558809500073">
        <mark key="[" line="4" column="4" />
        <mark key="]" line="4" column="4" />
        <mark key="^" line="6" column="31" />
        <mark key="." line="4" column="4" />
      </file>
      <file name="$USER_HOME$/androidlocal/registrator-android/app/src/main/java/be/astrotit/registrator/db/IdentityDao.java" timestamp="1561628196838">
        <mark key="[" line="25" column="20" />
        <mark key="]" line="25" column="20" />
        <mark key="^" line="23" column="3" />
        <mark key="." line="25" column="20" />
      </file>
      <file name="$USER_HOME$/androidlocal/registrator-android/app/src/main/java/be/astrotit/registrator/db/RegistrationAnswerDao.java" timestamp="1559089062287">
        <mark key="[" line="104" column="35" />
        <mark key="]" line="104" column="37" />
        <mark key="." line="104" column="37" />
        <mark key="^" line="104" column="37" />
      </file>
      <file name="$USER_HOME$/androidlocal/registrator-android/app/src/main/java/be/astrotit/registrator/api/ForeignKeyAdapter.java" timestamp="1558449139333">
        <mark key="[" line="14" column="8" />
        <mark key="]" line="14" column="10" />
        <mark key="." line="14" column="10" />
        <mark key="^" line="14" column="10" />
      </file>
      <file name="$USER_HOME$/androidlocal/registrator-android/app/src/main/java/be/astrotit/registrator/repository/RegistrationAnswerRepository.java" timestamp="1559088591251">
        <mark key="[" line="45" column="48" />
        <mark key="]" line="45" column="48" />
        <mark key="." line="45" column="48" />
      </file>
      <file name="$USER_HOME$/androidlocal/registrator-android/app/src/main/java/be/astrotit/registrator/vo/Application.java" timestamp="1558584680893">
        <mark key="[" line="24" column="37" />
        <mark key="]" line="25" column="19" />
        <mark key="^" line="25" column="19" />
        <mark key="." line="25" column="19" />
      </file>
      <file name="$USER_HOME$/androidlocal/registrator-android/build.gradle" timestamp="1558579192211">
        <mark key="[" line="1" column="0" />
        <mark key="]" line="1" column="0" />
        <mark key="." line="1" column="0" />
      </file>
      <file name="$USER_HOME$/androidlocal/registrator-android/app/src/main/res/transition/slide_end_long.xml" timestamp="1558044460818">
        <mark key="[" line="1" column="7" />
        <mark key="]" line="1" column="64" />
        <mark key="." line="4" column="25" />
        <mark key="^" line="4" column="25" />
      </file>
      <file name="$USER_HOME$/androidlocal/registrator-android/app/src/main/java/be/astrotit/registrator/api/StatusAdapter.java" timestamp="1558453015740">
        <mark key="[" line="12" column="55" />
        <mark key="]" line="12" column="60" />
        <mark key="^" line="12" column="60" />
        <mark key="." line="12" column="60" />
      </file>
      <file name="$USER_HOME$/androidlocal/registrator-android/app/src/main/java/be/astrotit/registrator/vo/Resource.java" timestamp="1558810548360">
        <mark key="[" line="38" column="8" />
        <mark key="]" line="38" column="8" />
        <mark key="." line="38" column="8" />
        <mark key="^" line="37" column="15" />
      </file>
      <file name="/fragment.java" timestamp="1559068173478">
        <mark key="[" line="0" column="0" />
      </file>
      <file name="$USER_HOME$/androidlocal/registrator-android/app/src/main/java/be/astrotit/registrator/ui/main/MainActivity.java" timestamp="1561631106465">
        <mark key="[" line="114" column="92" />
        <mark key="]" line="114" column="94" />
        <mark key="^" line="114" column="94" />
        <mark key="." line="114" column="94" />
      </file>
    </filemarks>
    <jumps>
      <jump line="115" column="4" filename="$USER_HOME$/androidlocal/registrator-android/app/src/main/java/be/astrotit/registrator/ui/registration/RegistrationActivity.java" />
      <jump line="76" column="0" filename="$USER_HOME$/androidlocal/registrator-android/app/src/main/java/be/astrotit/registrator/ui/registration/RegistrationActivity.java" />
      <jump line="81" column="0" filename="$USER_HOME$/androidlocal/registrator-android/app/src/main/java/be/astrotit/registrator/ui/registration/RegistrationActivity.java" />
      <jump line="87" column="0" filename="$USER_HOME$/androidlocal/registrator-android/app/src/main/java/be/astrotit/registrator/ui/registration/RegistrationActivity.java" />
      <jump line="91" column="0" filename="$USER_HOME$/androidlocal/registrator-android/app/src/main/java/be/astrotit/registrator/ui/registration/RegistrationActivity.java" />
      <jump line="96" column="0" filename="$USER_HOME$/androidlocal/registrator-android/app/src/main/java/be/astrotit/registrator/ui/registration/RegistrationActivity.java" />
      <jump line="112" column="0" filename="$USER_HOME$/androidlocal/registrator-android/app/src/main/java/be/astrotit/registrator/ui/registration/RegistrationActivity.java" />
      <jump line="116" column="0" filename="$USER_HOME$/androidlocal/registrator-android/app/src/main/java/be/astrotit/registrator/ui/registration/RegistrationActivity.java" />
      <jump line="120" column="0" filename="$USER_HOME$/androidlocal/registrator-android/app/src/main/java/be/astrotit/registrator/ui/registration/RegistrationActivity.java" />
      <jump line="124" column="0" filename="$USER_HOME$/androidlocal/registrator-android/app/src/main/java/be/astrotit/registrator/ui/registration/RegistrationActivity.java" />
      <jump line="131" column="0" filename="$USER_HOME$/androidlocal/registrator-android/app/src/main/java/be/astrotit/registrator/ui/registration/RegistrationActivity.java" />
      <jump line="183" column="0" filename="$USER_HOME$/androidlocal/registrator-android/app/src/main/java/be/astrotit/registrator/ui/registration/RegistrationActivity.java" />
      <jump line="172" column="0" filename="$USER_HOME$/androidlocal/registrator-android/app/src/main/java/be/astrotit/registrator/ui/registration/RegistrationActivity.java" />
      <jump line="166" column="0" filename="$USER_HOME$/androidlocal/registrator-android/app/src/main/java/be/astrotit/registrator/ui/registration/RegistrationActivity.java" />
      <jump line="134" column="0" filename="$USER_HOME$/androidlocal/registrator-android/app/src/main/java/be/astrotit/registrator/ui/registration/RegistrationActivity.java" />
      <jump line="113" column="54" filename="$USER_HOME$/androidlocal/registrator-android/app/src/main/java/be/astrotit/registrator/viewmodel/RegistrationViewModel.java" />
      <jump line="158" column="31" filename="$USER_HOME$/androidlocal/registrator-android/app/src/main/java/be/astrotit/registrator/viewmodel/RegistrationViewModel.java" />
      <jump line="86" column="62" filename="$USER_HOME$/androidlocal/registrator-android/app/src/main/java/be/astrotit/registrator/viewmodel/RegistrationViewModel.java" />
      <jump line="192" column="16" filename="$USER_HOME$/androidlocal/registrator-android/app/src/main/java/be/astrotit/registrator/viewmodel/RegistrationViewModel.java" />
      <jump line="12" column="22" filename="$USER_HOME$/androidlocal/registrator-android/app/src/main/java/be/astrotit/registrator/db/RegistrationAnswerDao.java" />
      <jump line="18" column="0" filename="$USER_HOME$/androidlocal/registrator-android/app/src/main/java/be/astrotit/registrator/db/RegistrationAnswerDao.java" />
      <jump line="21" column="0" filename="$USER_HOME$/androidlocal/registrator-android/app/src/main/java/be/astrotit/registrator/db/RegistrationAnswerDao.java" />
      <jump line="24" column="0" filename="$USER_HOME$/androidlocal/registrator-android/app/src/main/java/be/astrotit/registrator/db/RegistrationAnswerDao.java" />
      <jump line="28" column="0" filename="$USER_HOME$/androidlocal/registrator-android/app/src/main/java/be/astrotit/registrator/db/RegistrationAnswerDao.java" />
      <jump line="31" column="0" filename="$USER_HOME$/androidlocal/registrator-android/app/src/main/java/be/astrotit/registrator/db/RegistrationAnswerDao.java" />
      <jump line="34" column="0" filename="$USER_HOME$/androidlocal/registrator-android/app/src/main/java/be/astrotit/registrator/db/RegistrationAnswerDao.java" />
      <jump line="45" column="0" filename="$USER_HOME$/androidlocal/registrator-android/app/src/main/java/be/astrotit/registrator/db/RegistrationAnswerDao.java" />
      <jump line="57" column="0" filename="$USER_HOME$/androidlocal/registrator-android/app/src/main/java/be/astrotit/registrator/db/RegistrationAnswerDao.java" />
      <jump line="67" column="0" filename="$USER_HOME$/androidlocal/registrator-android/app/src/main/java/be/astrotit/registrator/db/RegistrationAnswerDao.java" />
      <jump line="70" column="0" filename="$USER_HOME$/androidlocal/registrator-android/app/src/main/java/be/astrotit/registrator/db/RegistrationAnswerDao.java" />
      <jump line="110" column="35" filename="$USER_HOME$/androidlocal/registrator-android/app/src/main/java/be/astrotit/registrator/ui/registration/RegistrationFragment.java" />
      <jump line="13" column="16" filename="$USER_HOME$/androidlocal/registrator-android/app/src/main/java/be/astrotit/registrator/ui/AbstractAdapter.java" />
      <jump line="111" column="49" filename="$USER_HOME$/androidlocal/registrator-android/app/src/main/java/be/astrotit/registrator/ui/registration/RegistrationAdapter.java" />
      <jump line="8" column="11" filename="$USER_HOME$/androidlocal/registrator-android/app/src/main/java/be/astrotit/registrator/ui/ListIdentity.java" />
      <jump line="228" column="19" filename="$USER_HOME$/.gradle/caches/modules-2/files-2.1/androidx.transition/transition/1.0.1/f0a474b2323f0c20a30339ba60f964d46dc39372/transition-1.0.1-sources.jar!/androidx/transition/TransitionManager.java" />
      <jump line="427" column="46" filename="$USER_HOME$/.gradle/caches/modules-2/files-2.1/androidx.transition/transition/1.0.1/f0a474b2323f0c20a30339ba60f964d46dc39372/transition-1.0.1-sources.jar!/androidx/transition/TransitionManager.java" />
      <jump line="239" column="0" filename="$USER_HOME$/.gradle/caches/modules-2/files-2.1/androidx.transition/transition/1.0.1/f0a474b2323f0c20a30339ba60f964d46dc39372/transition-1.0.1-sources.jar!/androidx/transition/TransitionManager.java" />
      <jump line="216" column="41" filename="$USER_HOME$/.gradle/caches/modules-2/files-2.1/androidx.transition/transition/1.0.1/f0a474b2323f0c20a30339ba60f964d46dc39372/transition-1.0.1-sources.jar!/androidx/transition/TransitionManager.java" />
      <jump line="230" column="25" filename="$USER_HOME$/.gradle/caches/modules-2/files-2.1/androidx.transition/transition/1.0.1/f0a474b2323f0c20a30339ba60f964d46dc39372/transition-1.0.1-sources.jar!/androidx/transition/TransitionManager.java" />
      <jump line="237" column="8" filename="$USER_HOME$/.gradle/caches/modules-2/files-2.1/androidx.transition/transition/1.0.1/f0a474b2323f0c20a30339ba60f964d46dc39372/transition-1.0.1-sources.jar!/androidx/transition/TransitionManager.java" />
      <jump line="16" column="0" filename="$USER_HOME$/androidlocal/registrator-android/app/src/main/java/be/astrotit/registrator/ui/select/SelectAdapter.java" />
      <jump line="54" column="26" filename="$USER_HOME$/androidlocal/registrator-android/app/src/main/java/be/astrotit/registrator/vo/Answer.java" />
      <jump line="114" column="21" filename="$USER_HOME$/androidlocal/registrator-android/app/src/main/java/be/astrotit/registrator/vo/Answer.java" />
      <jump line="119" column="19" filename="$USER_HOME$/androidlocal/registrator-android/app/src/main/java/be/astrotit/registrator/vo/Answer.java" />
      <jump line="175" column="26" filename="$USER_HOME$/androidlocal/registrator-android/app/src/main/java/be/astrotit/registrator/vo/Answer.java" />
      <jump line="43" column="54" filename="$USER_HOME$/androidlocal/registrator-android/app/src/main/java/be/astrotit/registrator/repository/AnswerRepository.java" />
      <jump line="90" column="52" filename="$USER_HOME$/androidlocal/registrator-android/app/src/main/java/be/astrotit/registrator/vo/Answer.java" />
      <jump line="79" column="30" filename="$USER_HOME$/androidlocal/registrator-android/app/src/main/java/be/astrotit/registrator/vo/Answer.java" />
      <jump line="31" column="4" filename="$USER_HOME$/androidlocal/registrator-android/build.gradle" />
      <jump line="252" column="16" filename="$USER_HOME$/androidlocal/registrator-android/app/src/main/java/be/astrotit/registrator/db/SyncDao.java" />
      <jump line="37" column="4" filename="$USER_HOME$/androidlocal/registrator-android/app/src/main/java/be/astrotit/registrator/vo/MetaRegistrationAttribute.java" />
      <jump line="36" column="4" filename="$USER_HOME$/androidlocal/registrator-android/app/src/main/java/be/astrotit/registrator/vo/AnswerAttribute.java" />
      <jump line="33" column="4" filename="$USER_HOME$/androidlocal/registrator-android/app/src/main/java/be/astrotit/registrator/vo/ApplicationAttribute.java" />
      <jump line="36" column="4" filename="$USER_HOME$/androidlocal/registrator-android/app/src/main/java/be/astrotit/registrator/vo/CategoryAttribute.java" />
      <jump line="364" column="46" filename="$USER_HOME$/androidlocal/registrator-android/app/src/main/java/be/astrotit/registrator/db/SyncDao.java" />
      <jump line="429" column="35" filename="$USER_HOME$/androidlocal/registrator-android/app/src/main/java/be/astrotit/registrator/db/SyncDao.java" />
      <jump line="479" column="25" filename="$USER_HOME$/androidlocal/registrator-android/app/src/main/java/be/astrotit/registrator/db/SyncDao.java" />
      <jump line="343" column="46" filename="$USER_HOME$/androidlocal/registrator-android/app/src/main/java/be/astrotit/registrator/db/SyncDao.java" />
      <jump line="57" column="66" filename="$USER_HOME$/androidlocal/registrator-android/app/src/main/java/be/astrotit/registrator/viewmodel/RegistrationViewModel.java" />
      <jump line="97" column="29" filename="$USER_HOME$/androidlocal/registrator-android/app/src/main/java/be/astrotit/registrator/ui/registration/RegistrationActivity.java" />
      <jump line="467" column="16" filename="$USER_HOME$/androidlocal/registrator-android/app/src/main/java/be/astrotit/registrator/db/SyncDao.java" />
      <jump line="106" column="24" filename="$USER_HOME$/androidlocal/registrator-android/app/src/main/java/be/astrotit/registrator/repository/SyncRepository.java" />
      <jump line="58" column="20" filename="$USER_HOME$/androidlocal/registrator-android/app/src/main/java/be/astrotit/registrator/di/ApiModule.java" />
      <jump line="70" column="31" filename="$USER_HOME$/androidlocal/registrator-android/app/src/main/java/be/astrotit/registrator/vo/Identity.java" />
      <jump line="106" column="18" filename="$USER_HOME$/androidlocal/registrator-android/app/src/main/java/be/astrotit/registrator/ui/registration/RegistrationActivity.java" />
      <jump line="107" column="51" filename="$USER_HOME$/androidlocal/registrator-android/app/src/main/java/be/astrotit/registrator/ui/registration/RegistrationActivity.java" />
      <jump line="143" column="24" filename="$USER_HOME$/androidlocal/registrator-android/app/src/main/java/be/astrotit/registrator/vo/MetaRegistration.java" />
      <jump line="212" column="39" filename="$USER_HOME$/androidlocal/registrator-android/app/src/main/java/be/astrotit/registrator/viewmodel/RegistrationViewModel.java" />
    </jumps>
    <registers>
      <register name="&quot;" type="4">
        <text>e</text>
      </register>
      <register name="-" type="4">
        <text>e</text>
      </register>
      <register name="/" type="4">
        <text>cancel</text>
      </register>
      <register name="0" type="2">
        <text encoding="base64">ICAgIEBJbnNlcnQob25Db25mbGljdCA9IE9uQ29uZmxpY3RTdHJhdGVneS5SRVBMQUNFKQogICAgcHVibGljIGFic3RyYWN0IENvbXBsZXRhYmxlIGluc2VydChJZGVudGl0eSBpZGVudGl0eSk7Cg==</text>
      </register>
      <register name="1" type="2">
        <text encoding="base64">ICAgICAgICAgICAgICAgICAgICAvL3dlIGhhdmUgZW5vdWdoIGluZm9ybWF0aW9uIHRvIHByb2NlZWQK</text>
      </register>
      <register name="2" type="2">
        <text encoding="base64">ICAgICAgICAgICAgbG9uZyBpZCA9IGluc2VydChhbnN3ZXIpOwo=</text>
      </register>
      <register name="3" type="2">
        <text encoding="base64">ICAgICAgICB9KTsK</text>
      </register>
      <register name="4" type="2">
        <text encoding="base64">ICAgICAgICAgICAgfQo=</text>
      </register>
      <register name="5" type="2">
        <text encoding="base64">ICAgICAgICAgICAgICAgIHByb2dyZXNzLnNldFZpc2liaWxpdHkoVmlldy5WSVNJQkxFKTsK</text>
      </register>
      <register name="6" type="2">
        <text encoding="base64">ICAgICAgICAgICAgcHVibGljIHZvaWQgb25BbmltYXRpb25FbmQoQW5pbWF0b3IgYW5pbWF0aW9uKSB7Cg==</text>
      </register>
      <register name="7" type="2">
        <text encoding="base64">ICAgICAgICAgICAgQE92ZXJyaWRlCg==</text>
      </register>
      <register name="8" type="2">
        <text encoding="base64">ICAgICAgICAgICAgICAgIC5zZXRMaXN0ZW5lcihuZXcgQW5pbWF0b3JMaXN0ZW5lckFkYXB0ZXIoKSB7Cg==</text>
      </register>
      <register name="9" type="2">
        <text encoding="base64">ICAgICAgICApOwo=</text>
      </register>
      <register name=":" type="4">
        <text>w</text>
      </register>
    </registers>
    <search>
      <last-search>cancel</last-search>
      <last-offset />
      <last-pattern>cancel</last-pattern>
      <last-replace>Category</last-replace>
      <last-substitute>Application</last-substitute>
      <last-dir>1</last-dir>
      <show-last>false</show-last>
    </search>
    <history>
      <history-search>
        <entry>mergeAnswers</entry>
        <entry>mergeQuestions</entry>
        <entry>addAnswer</entry>
        <entry>sceneChangeRunTransition</entry>
        <entry>MultiListener</entry>
        <entry>Question</entry>
        <entry>MetaRegistration</entry>
        <entry>Answer</entry>
        <entry>Application</entry>
        <entry>find</entry>
        <entry>cancel</entry>
      </history-search>
      <history-cmd>
        <entry>wa</entry>
        <entry>153s/Question/MetaRegistation/g</entry>
        <entry>253s/Question/MetaRegistation/g</entry>
        <entry>253s/Question/MetaRegistration/g</entry>
        <entry>38s/Question/MetaRegistration/g</entry>
        <entry>39s/Question/MetaRegistration/g</entry>
        <entry>37,38s/MetaRegistration/Answer/g</entry>
        <entry>34,35s/Answer/Application/g</entry>
        <entry>37,38s/Application/Category/g</entry>
        <entry>w</entry>
      </history-cmd>
      <history-expr />
      <history-input />
    </history>
    <shortcut-conflicts>
      <shortcut-conflict owner="vim">
        <text>ctrl pressed OPEN_BRACKET</text>
      </shortcut-conflict>
      <shortcut-conflict owner="ide">
        <text>ctrl pressed S</text>
      </shortcut-conflict>
      <shortcut-conflict owner="vim">
        <text>ctrl pressed W</text>
      </shortcut-conflict>
      <shortcut-conflict owner="vim">
        <text>ctrl pressed CLOSE_BRACKET</text>
      </shortcut-conflict>
      <shortcut-conflict owner="vim">
        <text>ctrl pressed T</text>
      </shortcut-conflict>
      <shortcut-conflict owner="vim">
        <text>ctrl pressed 2</text>
      </shortcut-conflict>
      <shortcut-conflict owner="vim">
        <text>ctrl pressed R</text>
      </shortcut-conflict>
      <shortcut-conflict owner="vim">
        <text>ctrl pressed V</text>
      </shortcut-conflict>
      <shortcut-conflict owner="ide">
        <text>ctrl pressed O</text>
      </shortcut-conflict>
      <shortcut-conflict owner="vim">
        <text>ctrl pressed F</text>
      </shortcut-conflict>
      <shortcut-conflict owner="vim">
        <text>ctrl pressed P</text>
      </shortcut-conflict>
      <shortcut-conflict owner="vim">
        <text>ctrl pressed C</text>
      </shortcut-conflict>
      <shortcut-conflict owner="vim">
        <text>ctrl pressed N</text>
      </shortcut-conflict>
      <shortcut-conflict owner="ide">
        <text>ctrl pressed U</text>
      </shortcut-conflict>
      <shortcut-conflict owner="ide">
        <text>ctrl pressed I</text>
      </shortcut-conflict>
    </shortcut-conflicts>
  </component>
</application>